{
  "auc_score": 0.8482736775419703,
  "accuracy": 0.898,
  "precision": 0.43333333333333335,
  "recall": 0.1326530612244898,
  "f1_score": 0.203125,
  "confusion_matrix": [
    [
      885,
      17
    ],
    [
      85,
      13
    ]
  ],
  "training_samples": 4000,
  "test_samples": 1000
}