{
  "auc_score": 0.8483868048327979,
  "accuracy": 0.892,
  "precision": 0.3333333333333333,
  "recall": 0.10204081632653061,
  "f1_score": 0.15625,
  "confusion_matrix": [
    [
      882,
      20
    ],
    [
      88,
      10
    ]
  ],
  "training_samples": 4000,
  "test_samples": 1000
}